,Wikipedia,Origin,Genre,Years_Active,Main.Genre,dum_eng,dum_spa,dum_country,dum_dance,dum_electronic,dum_folk,dum_hiphop,dum_r&b
0,https://en.wikipedia.org/wiki/KC_and_the_Sunshine_Band,United States,disco,49,dance music,1,0,0,1,0,0,0,0
1,https://en.wikipedia.org/wiki/Creedence_Clearwater_Revival,United States,roots rock,63,rock,1,0,0,0,0,0,0,1
3,https://en.wikipedia.org/wiki/Khalid_(singer),United States,r&b,6,r&b,1,0,0,0,0,0,0,0
4,https://en.wikipedia.org/wiki/Juice_Wrld,United States,hip hop,7,hip hop,1,0,0,0,0,0,1,0
6,https://en.wikipedia.org/wiki/Galantis,Sweden,electro house,10,electronic music,0,0,0,0,1,0,0,0
7,https://en.wikipedia.org/wiki/Pusha_T,United States,hip hop,29,hip hop,1,0,0,0,0,0,1,0
8,https://en.wikipedia.org/wiki/Zyra_(singer),United Kingdom,electronic,8,electronic music,1,0,0,0,1,0,0,0
9,https://en.wikipedia.org/wiki/Smino,United States,hip hop,13,hip hop,1,0,0,0,0,0,1,0
10,https://en.wikipedia.org/wiki/Uncle_Kracker,United States,rock,35,rock,1,0,0,0,0,0,0,1
11,https://en.wikipedia.org/wiki/Wu-Tang_Clan,United States,hip hop,30,hip hop,1,0,0,0,0,0,1,0
12,https://en.wikipedia.org/wiki/System_of_a_Down,United States,alternative metal,28,rock,1,0,0,0,0,0,0,1
14,https://en.wikipedia.org/wiki/itzy,South Korea,k-pop,3,pop,0,0,0,0,0,0,0,0
15,https://en.wikipedia.org/wiki/George_Strait,United States,country,46,country,1,0,1,0,0,0,0,0
17,https://en.wikipedia.org/wiki/Aventura_(band),United States,bachata,28,dance music,1,0,0,1,0,0,0,0
19,https://en.wikipedia.org/wiki/Imagine_Dragons,United States,pop rock,14,pop,1,0,0,0,0,0,0,0
20,https://en.wikipedia.org/wiki/YoungBoy_Never_Broke_Again,United States,hip hop,7,hip hop,1,0,0,0,0,0,1,0
21,https://en.wikipedia.org/wiki/Eyedress,Philippines,bedroom pop,14,pop,0,0,0,0,0,0,0,0
22,https://en.wikipedia.org/wiki/zhu_(musician),United States,electronic,8,electronic music,1,0,0,0,1,0,0,0
23,https://en.wikipedia.org/wiki/Farruko,Puerto Rico,reggaeton,15,dance music,0,1,0,1,0,0,0,0
25,https://en.wikipedia.org/wiki/Volbeat,Denmark,heavy metal,21,rock,0,0,0,0,0,0,0,1
27,https://en.wikipedia.org/wiki/Oasis_(band),United Kingdom,rock,31,rock,1,0,0,0,0,0,0,1
28,https://en.wikipedia.org/wiki/RJ_(rapper),United States,hip hop,10,hip hop,1,0,0,0,0,0,1,0
29,https://en.wikipedia.org/wiki/King_Gizzard_%26_the_Lizard_Wizard,Australia,psychedelic rock,12,rock,1,0,0,0,0,0,0,1
30,https://en.wikipedia.org/wiki/Red_Hot_Chili_Peppers,United States,funk rock,39,rock,1,0,0,0,0,0,0,1
32,https://en.wikipedia.org/wiki/Danielle_Bregoli,United States,hip hop,6,hip hop,1,0,0,0,0,0,1,0
34,https://en.wikipedia.org/wiki/Burna_Boy,Niger,afrobeats,12,dance music,0,0,0,1,0,0,0,0
35,https://en.wikipedia.org/wiki/Aquilo_(band),United Kingdom,electronic,9,electronic music,1,0,0,0,1,0,0,0
36,https://en.wikipedia.org/wiki/Swae_Lee,United States,hip hop,14,hip hop,1,0,0,0,0,0,1,0
37,https://en.wikipedia.org/wiki/NLE_Choppa,United States,hip hop,4,hip hop,1,0,0,0,0,0,1,0
38,https://en.wikipedia.org/wiki/Zlatan_(musician),Niger,afrobeats,8,dance music,0,0,0,1,0,0,0,0
40,https://en.wikipedia.org/wiki/PnB_Rock,United States,hip hop,8,hip hop,1,0,0,0,0,0,1,0
42,https://en.wikipedia.org/wiki/Tory_Lanez,Canada,hip hop,13,hip hop,1,0,0,0,0,0,1,0
44,https://en.wikipedia.org/wiki/Upchurch_(musician),United States,country rap,8,hip hop,1,0,0,0,0,0,1,0
45,https://en.wikipedia.org/wiki/Steve_Lacy_(musician),United States,alternative r&b,9,r&b,1,0,0,0,0,0,0,0
50,https://en.wikipedia.org/wiki/Charlie_Puth,United States,pop,13,pop,1,0,0,0,0,0,0,0
51,https://en.wikipedia.org/wiki/Aoife_O%27Donovan,United States,folk rock,21,rock,1,0,0,0,0,0,0,1
52,https://en.wikipedia.org/wiki/Nav_(rapper),Canada,hip hop,8,hip hop,1,0,0,0,0,0,1,0
54,https://en.wikipedia.org/wiki/Glass_Animals,United Kingdom,indie rock,12,rock,1,0,0,0,0,0,0,1
55,https://en.wikipedia.org/wiki/Florida_Georgia_Line,United States,country,12,country,1,0,1,0,0,0,0,0
56,https://en.wikipedia.org/wiki/Otis_Redding,United States,soul,64,r&b,1,0,0,0,0,0,0,0
57,https://en.wikipedia.org/wiki/JP_Saxe,Canada,soul,10,r&b,1,0,0,0,0,0,0,0
58,https://wikipedia.org/wiki/Sfera_Ebbasta,Italy,hip hop,11,hip hop,0,0,0,0,0,0,1,0
59,https://en.wikipedia.org/wiki/TLC_(group),United States,r&b,32,r&b,1,0,0,0,0,0,0,0
60,https://en.wikipedia.org/wiki/Heart_(band),United States,rock,55,rock,1,0,0,0,0,0,0,1
63,https://en.wikipedia.org/wiki/SOB_X_RBE,United States,west coast hip hop,6,hip hop,1,0,0,0,0,0,1,0
64,https://en.wikipedia.org/wiki/Gorillaz,United Kingdom,alternative rock,24,rock,1,0,0,0,0,0,0,1
65,https://en.wikipedia.org/wiki/G.Soul,South Korea,r&b,7,r&b,0,0,0,0,0,0,0,0
66,https://en.wikipedia.org/wiki/Led_Zeppelin,United Kingdom,hard rock,54,rock,1,0,0,0,0,0,0,1
67,https://en.wikipedia.org/wiki/Jack_Harlow,United States,hip hop,11,hip hop,1,0,0,0,0,0,1,0
68,https://en.wikipedia.org/wiki/Nghtmre,United States,trap,8,hip hop,1,0,0,0,0,0,1,0
70,https://en.wikipedia.org/wiki/Eurythmics,United Kingdom,pop,42,pop,1,0,0,0,0,0,0,0
71,https://en.wikipedia.org/wiki/NSYNC,United States,pop,27,pop,1,0,0,0,0,0,0,0
72,https://en.wikipedia.org/wiki/Evanescence,United States,alternative metal,27,rock,1,0,0,0,0,0,0,1
74,https://en.wikipedia.org/wiki/Amin%C3%A9_(rapper),United States,hip hop,8,hip hop,1,0,0,0,0,0,1,0
75,https://en.wikipedia.org/wiki/Jhen%C3%A9_Aiko,United States,r&b,20,r&b,1,0,0,0,0,0,0,0
76,https://en.wikipedia.org/wiki/Eagles_(band),United States,rock,51,rock,1,0,0,0,0,0,0,1
79,https://en.wikipedia.org/wiki/Odesza,United States,indietronica,10,electronic music,1,0,0,0,1,0,0,0
80,https://en.wikipedia.org/wiki/Mt._Joy_(band),United States,alternative rock,6,rock,1,0,0,0,0,0,0,1
81,https://en.wikipedia.org/wiki/YG_(rapper),United States,hip hop,16,hip hop,1,0,0,0,0,0,1,0
83,https://en.wikipedia.org/wiki/YFN_Lucci,United States,hip hop,8,hip hop,1,0,0,0,0,0,1,0
84,https://en.wikipedia.org/wiki/Lil_Uzi_Vert,United States,hip hop,10,hip hop,1,0,0,0,0,0,1,0
86,https://en.wikipedia.org/wiki/Bob_Marley,Jamaica,reggae,60,dance music,0,0,0,1,0,0,0,0
87,http://en.wikipedia.org/wiki/ZZ_Top,United States,blues rock,53,r&b,1,0,0,0,0,0,0,0
88,https://en.wikipedia.org/wiki/Air_Supply,Australia,soft rock,47,rock,1,0,0,0,0,0,0,1
89,https://en.wikipedia.org/wiki/Turnpike_Troubadours,United States,red dirt,15,country,1,0,1,0,0,0,0,0
90,https://en.wikipedia.org/wiki/Ski_Mask_the_Slump_God,United States,hip hop,8,hip hop,1,0,0,0,0,0,1,0
91,https://en.wikipedia.org/wiki/Hwasa,South Korea,k-pop,8,pop,0,0,0,0,0,0,0,0
92,https://en.wikipedia.org/wiki/Eric_Church,United States,country,17,country,1,0,1,0,0,0,0,0
93,https://en.wikipedia.org/wiki/KB_(rapper),United States,christian hip hop,16,hip hop,1,0,0,0,0,0,1,0
94,https://en.wikipedia.org/wiki/GJan,Lithuania,pop,12,pop,0,0,0,0,0,0,0,0
97,https://en.wikipedia.org/wiki/Oh_Wonder,United Kingdom,indie pop,8,pop,1,0,0,0,0,0,0,0
98,https://en.wikipedia.org/wiki/CNCO,United States,latin pop,7,pop,1,0,0,0,0,0,0,0
99,https://en.wikipedia.org/wiki/xscape_(group),United States,latin pop,31,pop,1,0,0,0,0,0,0,0
100,https://en.wikipedia.org/wiki/XV_(rapper),United States,hip hop,22,hip hop,1,0,0,0,0,0,1,0
101,https://en.wikipedia.org/wiki/Gym_Class_Heroes,United States,hip hop,25,hip hop,1,0,0,0,0,0,1,0
102,https://en.wikipedia.org/wiki/DaBaby,United States,hip hop,8,hip hop,1,0,0,0,0,0,1,0
106,https://en.wikipedia.org/wiki/MGMT,United States,indie rock,18,rock,1,0,0,0,0,0,0,1
107,https://en.wikipedia.org/wiki/YCEE,Niger,afropop,10,pop,0,0,0,0,0,0,0,0
111,https://en.wikipedia.org/wiki/Playboi_Carti,United States,hip hop,11,hip hop,1,0,0,0,0,0,1,0
112,https://en.wikipedia.org/wiki/Vance_Joy,Australia,indie pop,9,pop,1,0,0,0,0,0,0,0
113,https://en.wikipedia.org/wiki/OG_Parker,United States,indie pop,9,pop,1,0,0,0,0,0,0,0
114,https://en.wikipedia.org/wiki/Five_Finger_Death_Punch,United States,heavy metal,17,rock,1,0,0,0,0,0,0,1
116,https://en.wikipedia.org/wiki/Outkast,United States,southern hip hop,30,hip hop,1,0,0,0,0,0,1,0
117,https://en.wikipedia.org/wiki/BJ_the_Chicago_Kid,United States,r&b,21,r&b,1,0,0,0,0,0,0,0
118,https://en.wikipedia.org/wiki/Excision_(musician),Canada,dubstep,16,electronic music,1,0,0,0,1,0,0,0
119,https://en.wikipedia.org/wiki/JJ_Heller,United States,folk music,19,folk,1,0,0,0,0,1,0,0
120,https://en.wikipedia.org/wiki/Mustard_(record_producer),United States,hip hop,13,hip hop,1,0,0,0,0,0,1,0
121,https://en.wikipedia.org/wiki/Gunna_(rapper),United States,hip hop,9,hip hop,1,0,0,0,0,0,1,0
122,https://en.wikipedia.org/wiki/J.I.D,U.S. JIDEducationStephenson High SchoolHampton University (no degree,hip hop,12,hip hop,0,0,0,0,0,0,1,0
123,https://en.wikipedia.org/wiki/OneRepublic,United States,pop rock,20,pop,1,0,0,0,0,0,0,0
126,https://en.wikipedia.org/wiki/Jeff_D'Agostino,United States,traditional pop,20,pop,1,0,0,0,0,0,0,0
128,https://en.wikipedia.org/wiki/Panic!_at_the_Disco,United States,pop rock,18,pop,1,0,0,0,0,0,0,0
130,https://en.wikipedia.org/wiki/XYLO,United States,pop,7,pop,1,0,0,0,0,0,0,0
132,https://en.wikipedia.org/wiki/Lvndscape,Netherlands,deep house,7,electronic music,0,0,0,0,1,0,0,0
135,https://en.wikipedia.org/wiki/Cigarettes_After_Sex,United States,dream pop,14,pop,1,0,0,0,0,0,0,0
136,https://en.wikipedia.org/wiki/Sech_(singer),Panama,reggaeton,8,dance music,0,1,0,1,0,0,0,0
137,https://en.wikipedia.org/wiki/AC/DC,Australia,hard rock,49,rock,1,0,0,0,0,0,0,1
138,https://en.wikipedia.org/wiki/Blackbear_(musician),United States,pop,16,pop,1,0,0,0,0,0,0,0
